admission_id,client_id,program_code,admit_date,discharge_date,source_row,target_program_code
A0001,00001,SUD_OLD,2024-01-10,2024-03-10,2,SU01
A0002,00002,ELDER_OLD,2024-01-10,2024-03-10,3,EL01
A0003,00003,BH_OLD,2024-01-10,2024-03-10,4,BH01
A0004,00004,SUD_OLD,2024-01-10,,5,SU01
A0008,00008,ELDER_OLD,2024-01-10,,9,EL01
A0009,00009,BH_OLD,2024-01-10,2024-03-10,10,BH01
A0016,00016,SUD_OLD,2024-01-10,,17,SU01
A0017,00017,ELDER_OLD,2024-01-10,2024-03-10,18,EL01
A0018,00018,BH_OLD,2024-01-10,2024-03-10,19,BH01
A0019,00019,SUD_OLD,2024-01-10,2024-03-10,20,SU01
A0020,00020,ELDER_OLD,2024-01-10,,21,EL01
A0021,00021,BH_OLD,2024-01-10,2024-03-10,22,BH01
A0022,00022,SUD_OLD,2024-01-10,2024-03-10,23,SU01
A0023,00023,ELDER_OLD,2024-01-10,2024-03-10,24,EL01
A0024,00024,BH_OLD,2024-01-10,,25,BH01
A0025,00025,SUD_OLD,2024-01-10,2024-03-10,26,SU01
A0026,00026,ELDER_OLD,2024-01-10,2024-03-10,27,EL01
A0027,00027,BH_OLD,2024-01-10,2024-03-10,28,BH01
A0028,00028,SUD_OLD,2024-01-10,,29,SU01
A0029,00029,ELDER_OLD,2024-01-10,2024-03-10,30,EL01
A0030,00030,BH_OLD,2024-01-10,2024-03-10,31,BH01
A0031,00031,SUD_OLD,2024-01-10,2024-03-10,32,SU01
A0032,00032,ELDER_OLD,2024-01-10,,33,EL01
A0033,00033,BH_OLD,2024-01-10,2024-03-10,34,BH01
A0034,00034,SUD_OLD,2024-01-10,2024-03-10,35,SU01
A0035,00035,ELDER_OLD,2024-01-10,2024-03-10,36,EL01
A0036,00036,BH_OLD,2024-01-10,,37,BH01
A0037,00037,SUD_OLD,2024-01-10,2024-03-10,38,SU01
A0038,00038,ELDER_OLD,2024-01-10,2024-03-10,39,EL01
A0039,00039,BH_OLD,2024-01-10,2024-03-10,40,BH01
A0040,00040,SUD_OLD,2024-01-10,,41,SU01
A0041,00041,ELDER_OLD,2024-01-10,2024-03-10,42,EL01
A0042,00042,BH_OLD,2024-01-10,2024-03-10,43,BH01
A0043,00043,SUD_OLD,2024-01-10,2024-03-10,44,SU01
A0044,00044,ELDER_OLD,2024-01-10,,45,EL01
A0045,00045,BH_OLD,2024-01-10,2024-03-10,46,BH01
A0046,00046,SUD_OLD,2024-01-10,2024-03-10,47,SU01
A0047,00047,ELDER_OLD,2024-01-10,2024-03-10,48,EL01
A0048,00048,BH_OLD,2024-01-10,,49,BH01
A0049,00049,SUD_OLD,2024-01-10,2024-03-10,50,SU01
A0050,00050,ELDER_OLD,2024-01-10,2024-03-10,51,EL01
A0051,00051,BH_OLD,2024-01-10,2024-03-10,52,BH01
A0052,00052,SUD_OLD,2024-01-10,,53,SU01
A0053,00053,ELDER_OLD,2024-01-10,2024-03-10,54,EL01
A0054,00054,BH_OLD,2024-01-10,2024-03-10,55,BH01
A0055,00055,SUD_OLD,2024-01-10,2024-03-10,56,SU01
A0056,00056,ELDER_OLD,2024-01-10,,57,EL01
A0057,00057,BH_OLD,2024-01-10,2024-03-10,58,BH01
A0058,00058,SUD_OLD,2024-01-10,2024-03-10,59,SU01
A0059,00059,ELDER_OLD,2024-01-10,2024-03-10,60,EL01
A0060,00060,BH_OLD,2024-01-10,,61,BH01
A0061,00061,SUD_OLD,2024-01-10,2024-03-10,62,SU01
A0062,00062,ELDER_OLD,2024-01-10,2024-03-10,63,EL01
A0063,00063,BH_OLD,2024-01-10,2024-03-10,64,BH01
A0064,00064,SUD_OLD,2024-01-10,,65,SU01
A0065,00065,ELDER_OLD,2024-01-10,2024-03-10,66,EL01
A0066,00066,BH_OLD,2024-01-10,2024-03-10,67,BH01
A0067,00067,SUD_OLD,2024-01-10,2024-03-10,68,SU01
A0068,00068,ELDER_OLD,2024-01-10,,69,EL01
A0069,00069,BH_OLD,2024-01-10,2024-03-10,70,BH01
A0070,00070,SUD_OLD,2024-01-10,2024-03-10,71,SU01
A0071,00071,ELDER_OLD,2024-01-10,2024-03-10,72,EL01
A0072,00072,BH_OLD,2024-01-10,,73,BH01
A0073,00073,SUD_OLD,2024-01-10,2024-03-10,74,SU01
A0074,00074,ELDER_OLD,2024-01-10,2024-03-10,75,EL01
A0075,00075,BH_OLD,2024-01-10,2024-03-10,76,BH01
A0076,00076,SUD_OLD,2024-01-10,,77,SU01
A0077,00077,ELDER_OLD,2024-01-10,2024-03-10,78,EL01
A0078,00078,BH_OLD,2024-01-10,2024-03-10,79,BH01
A0079,00079,SUD_OLD,2024-01-10,2024-03-10,80,SU01
A0080,00080,ELDER_OLD,2024-01-10,,81,EL01
A0081,00081,BH_OLD,2024-01-10,2024-03-10,82,BH01
A0082,00082,SUD_OLD,2024-01-10,2024-03-10,83,SU01
A0083,00083,ELDER_OLD,2024-01-10,2024-03-10,84,EL01
A0084,00084,BH_OLD,2024-01-10,,85,BH01
A0085,00085,SUD_OLD,2024-01-10,2024-03-10,86,SU01
A0086,00086,ELDER_OLD,2024-01-10,2024-03-10,87,EL01
A0087,00087,BH_OLD,2024-01-10,2024-03-10,88,BH01
A0088,00088,SUD_OLD,2024-01-10,,89,SU01
A0089,00089,ELDER_OLD,2024-01-10,2024-03-10,90,EL01
A0090,00090,BH_OLD,2024-01-10,2024-03-10,91,BH01
A0091,00091,SUD_OLD,2024-01-10,2024-03-10,92,SU01
A0092,00092,ELDER_OLD,2024-01-10,,93,EL01
A0093,00093,BH_OLD,2024-01-10,2024-03-10,94,BH01
A0094,00094,SUD_OLD,2024-01-10,2024-03-10,95,SU01
A0095,00095,ELDER_OLD,2024-01-10,2024-03-10,96,EL01
A0096,00096,BH_OLD,2024-01-10,,97,BH01
A0097,00097,SUD_OLD,2024-01-10,2024-03-10,98,SU01
A0098,00098,ELDER_OLD,2024-01-10,2024-03-10,99,EL01
A0099,00099,BH_OLD,2024-01-10,2024-03-10,100,BH01
A0100,00100,SUD_OLD,2024-01-10,,101,SU01
A0101,00001,ELDER_OLD,2024-01-10,2024-03-10,102,EL01
A0102,00002,BH_OLD,2024-01-10,2024-03-10,103,BH01
A0103,00003,SUD_OLD,2024-01-10,2024-03-10,104,SU01
A0104,00004,ELDER_OLD,2024-01-10,,105,EL01
A0108,00008,BH_OLD,2024-01-10,,109,BH01
A0109,00009,SUD_OLD,2024-01-10,2024-03-10,110,SU01
A0110,00010,ELDER_OLD,2024-01-10,2024-03-10,111,EL01
A0111,00011,BH_OLD,2024-01-10,2024-03-10,112,BH01
A0112,00012,SUD_OLD,2024-01-10,,113,SU01
A0113,00013,ELDER_OLD,2024-01-10,2024-03-10,114,EL01
A0114,00014,BH_OLD,2024-01-10,2024-03-10,115,BH01
A0115,00015,SUD_OLD,2024-01-10,2024-03-10,116,SU01
A0116,00016,ELDER_OLD,2024-01-10,,117,EL01
A0117,00017,BH_OLD,2024-01-10,2024-03-10,118,BH01
A0118,00018,SUD_OLD,2024-01-10,2024-03-10,119,SU01
A0119,00019,ELDER_OLD,2024-01-10,2024-03-10,120,EL01
A0120,00020,BH_OLD,2024-01-10,,121,BH01
A0121,00021,SUD_OLD,2024-01-10,2024-03-10,122,SU01
A0122,00022,ELDER_OLD,2024-01-10,2024-03-10,123,EL01
A0123,00023,BH_OLD,2024-01-10,2024-03-10,124,BH01
A0124,00024,SUD_OLD,2024-01-10,,125,SU01
A0125,00025,ELDER_OLD,2024-01-10,2024-03-10,126,EL01
A0126,00026,BH_OLD,2024-01-10,2024-03-10,127,BH01
A0127,00027,SUD_OLD,2024-01-10,2024-03-10,128,SU01
A0128,00028,ELDER_OLD,2024-01-10,,129,EL01
A0129,00029,BH_OLD,2024-01-10,2024-03-10,130,BH01
A0130,00030,SUD_OLD,2024-01-10,2024-03-10,131,SU01
A0131,00031,ELDER_OLD,2024-01-10,2024-03-10,132,EL01
A0132,00032,BH_OLD,2024-01-10,,133,BH01
A0133,00033,SUD_OLD,2024-01-10,2024-03-10,134,SU01
A0134,00034,ELDER_OLD,2024-01-10,2024-03-10,135,EL01
A0135,00035,BH_OLD,2024-01-10,2024-03-10,136,BH01
A0136,00036,SUD_OLD,2024-01-10,,137,SU01
A0137,00037,ELDER_OLD,2024-01-10,2024-03-10,138,EL01
A0138,00038,BH_OLD,2024-01-10,2024-03-10,139,BH01
A0139,00039,SUD_OLD,2024-01-10,2024-03-10,140,SU01
A0140,00040,ELDER_OLD,2024-01-10,,141,EL01
A0141,00041,BH_OLD,2024-01-10,2024-03-10,142,BH01
A0142,00042,SUD_OLD,2024-01-10,2024-03-10,143,SU01
A0143,00043,ELDER_OLD,2024-01-10,2024-03-10,144,EL01
A0144,00044,BH_OLD,2024-01-10,,145,BH01
A0145,00045,SUD_OLD,2024-01-10,2024-03-10,146,SU01
A0146,00046,ELDER_OLD,2024-01-10,2024-03-10,147,EL01
A0147,00047,BH_OLD,2024-01-10,2024-03-10,148,BH01
A0148,00048,SUD_OLD,2024-01-10,,149,SU01
A0149,00049,ELDER_OLD,2024-01-10,2024-03-10,150,EL01
A0150,00050,BH_OLD,2024-01-10,2024-03-10,151,BH01
A0151,00051,SUD_OLD,2024-01-10,2024-03-10,152,SU01
A0152,00052,ELDER_OLD,2024-01-10,,153,EL01
A0153,00053,BH_OLD,2024-01-10,2024-03-10,154,BH01
A0154,00054,SUD_OLD,2024-01-10,2024-03-10,155,SU01
A0155,00055,ELDER_OLD,2024-01-10,2024-03-10,156,EL01
A0156,00056,BH_OLD,2024-01-10,,157,BH01
A0157,00057,SUD_OLD,2024-01-10,2024-03-10,158,SU01
A0158,00058,ELDER_OLD,2024-01-10,2024-03-10,159,EL01
A0159,00059,BH_OLD,2024-01-10,2024-03-10,160,BH01
A0160,00060,SUD_OLD,2024-01-10,,161,SU01
A0161,00061,ELDER_OLD,2024-01-10,2024-03-10,162,EL01
A0162,00062,BH_OLD,2024-01-10,2024-03-10,163,BH01
A0163,00063,SUD_OLD,2024-01-10,2024-03-10,164,SU01
A0164,00064,ELDER_OLD,2024-01-10,,165,EL01
A0165,00065,BH_OLD,2024-01-10,2024-03-10,166,BH01
A0166,00066,SUD_OLD,2024-01-10,2024-03-10,167,SU01
A0167,00067,ELDER_OLD,2024-01-10,2024-03-10,168,EL01
A0168,00068,BH_OLD,2024-01-10,,169,BH01
A0169,00069,SUD_OLD,2024-01-10,2024-03-10,170,SU01
A0170,00070,ELDER_OLD,2024-01-10,2024-03-10,171,EL01
A0171,00071,BH_OLD,2024-01-10,2024-03-10,172,BH01
A0172,00072,SUD_OLD,2024-01-10,,173,SU01
A0173,00073,ELDER_OLD,2024-01-10,2024-03-10,174,EL01
A0174,00074,BH_OLD,2024-01-10,2024-03-10,175,BH01
A0175,00075,SUD_OLD,2024-01-10,2024-03-10,176,SU01
A0176,00076,ELDER_OLD,2024-01-10,,177,EL01
A0177,00077,BH_OLD,2024-01-10,2024-03-10,178,BH01
A0178,00078,SUD_OLD,2024-01-10,2024-03-10,179,SU01
A0179,00079,ELDER_OLD,2024-01-10,2024-03-10,180,EL01
A0180,00080,BH_OLD,2024-01-10,,181,BH01
A0181,00081,SUD_OLD,2024-01-10,2024-03-10,182,SU01
A0182,00082,ELDER_OLD,2024-01-10,2024-03-10,183,EL01
A0183,00083,BH_OLD,2024-01-10,2024-03-10,184,BH01
A0184,00084,SUD_OLD,2024-01-10,,185,SU01
A0185,00085,ELDER_OLD,2024-01-10,2024-03-10,186,EL01
A0186,00086,BH_OLD,2024-01-10,2024-03-10,187,BH01
A0187,00087,SUD_OLD,2024-01-10,2024-03-10,188,SU01
A0188,00088,ELDER_OLD,2024-01-10,,189,EL01
A0189,00089,BH_OLD,2024-01-10,2024-03-10,190,BH01
A0190,00090,SUD_OLD,2024-01-10,2024-03-10,191,SU01
A0191,00091,ELDER_OLD,2024-01-10,2024-03-10,192,EL01
A0192,00092,BH_OLD,2024-01-10,,193,BH01
A0193,00093,SUD_OLD,2024-01-10,2024-03-10,194,SU01
A0194,00094,ELDER_OLD,2024-01-10,2024-03-10,195,EL01
A0195,00095,BH_OLD,2024-01-10,2024-03-10,196,BH01
A0196,00096,SUD_OLD,2024-01-10,,197,SU01
A0197,00097,ELDER_OLD,2024-01-10,2024-03-10,198,EL01
A0198,00098,BH_OLD,2024-01-10,2024-03-10,199,BH01
A0199,00099,SUD_OLD,2024-01-10,2024-03-10,200,SU01
A0200,00100,ELDER_OLD,2024-01-10,,201,EL01
