admission_id,client_id,program_code,admit_date,discharge_date
A0001,00001,SUD_OLD,01/10/2024,2024-03-10
A0002,00002,ELDER_OLD,2024-01-10,2024-03-10
A0003,00003,BH_OLD,01/10/2024,2024-03-10
A0004,00004,SUD_OLD,2024-01-10,
A0005,00005,ELDER_OLD,01/10/2024,2024-03-10
A0006,00006,BH_OLD,2024-01-10,2024-03-10
A0007,00007,SUD_OLD,01/10/2024,2024-03-10
A0008,00008,ELDER_OLD,2024-01-10,
A0009,00009,BH_OLD,01/10/2024,2024-03-10
A0010,99999,SUD_OLD,2024-01-10,2024-03-10
A0011,00011,UNMAPPED,01/10/2024,2024-03-10
A0012,00012,BH_OLD,2024-01-10,2023-12-31
A0013,00013,SUD_OLD,,2024-03-10
A0014,00014,ELDER_OLD,2024-01-10,bad-date
A0015,00015,BH_OLD,01/10/2024,2024-03-10
A0016,00016,SUD_OLD,2024-01-10,
A0017,00017,ELDER_OLD,01/10/2024,2024-03-10
A0018,00018,BH_OLD,2024-01-10,2024-03-10
A0019,00019,SUD_OLD,01/10/2024,2024-03-10
A0020,00020,ELDER_OLD,2024-01-10,
A0021,00021,BH_OLD,01/10/2024,2024-03-10
A0022,00022,SUD_OLD,2024-01-10,2024-03-10
A0023,00023,ELDER_OLD,01/10/2024,2024-03-10
A0024,00024,BH_OLD,2024-01-10,
A0025,00025,SUD_OLD,01/10/2024,2024-03-10
A0026,00026,ELDER_OLD,2024-01-10,2024-03-10
A0027,00027,BH_OLD,01/10/2024,2024-03-10
A0028,00028,SUD_OLD,2024-01-10,
A0029,00029,ELDER_OLD,01/10/2024,2024-03-10
A0030,00030,BH_OLD,2024-01-10,2024-03-10
A0031,00031,SUD_OLD,01/10/2024,2024-03-10
A0032,00032,ELDER_OLD,2024-01-10,
A0033,00033,BH_OLD,01/10/2024,2024-03-10
A0034,00034,SUD_OLD,2024-01-10,2024-03-10
A0035,00035,ELDER_OLD,01/10/2024,2024-03-10
A0036,00036,BH_OLD,2024-01-10,
A0037,00037,SUD_OLD,01/10/2024,2024-03-10
A0038,00038,ELDER_OLD,2024-01-10,2024-03-10
A0039,00039,BH_OLD,01/10/2024,2024-03-10
A0040,00040,SUD_OLD,2024-01-10,
A0041,00041,ELDER_OLD,01/10/2024,2024-03-10
A0042,00042,BH_OLD,2024-01-10,2024-03-10
A0043,00043,SUD_OLD,01/10/2024,2024-03-10
A0044,00044,ELDER_OLD,2024-01-10,
A0045,00045,BH_OLD,01/10/2024,2024-03-10
A0046,00046,SUD_OLD,2024-01-10,2024-03-10
A0047,00047,ELDER_OLD,01/10/2024,2024-03-10
A0048,00048,BH_OLD,2024-01-10,
A0049,00049,SUD_OLD,01/10/2024,2024-03-10
A0050,00050,ELDER_OLD,2024-01-10,2024-03-10
A0051,00051,BH_OLD,01/10/2024,2024-03-10
A0052,00052,SUD_OLD,2024-01-10,
A0053,00053,ELDER_OLD,01/10/2024,2024-03-10
A0054,00054,BH_OLD,2024-01-10,2024-03-10
A0055,00055,SUD_OLD,01/10/2024,2024-03-10
A0056,00056,ELDER_OLD,2024-01-10,
A0057,00057,BH_OLD,01/10/2024,2024-03-10
A0058,00058,SUD_OLD,2024-01-10,2024-03-10
A0059,00059,ELDER_OLD,01/10/2024,2024-03-10
A0060,00060,BH_OLD,2024-01-10,
A0061,00061,SUD_OLD,01/10/2024,2024-03-10
A0062,00062,ELDER_OLD,2024-01-10,2024-03-10
A0063,00063,BH_OLD,01/10/2024,2024-03-10
A0064,00064,SUD_OLD,2024-01-10,
A0065,00065,ELDER_OLD,01/10/2024,2024-03-10
A0066,00066,BH_OLD,2024-01-10,2024-03-10
A0067,00067,SUD_OLD,01/10/2024,2024-03-10
A0068,00068,ELDER_OLD,2024-01-10,
A0069,00069,BH_OLD,01/10/2024,2024-03-10
A0070,00070,SUD_OLD,2024-01-10,2024-03-10
A0071,00071,ELDER_OLD,01/10/2024,2024-03-10
A0072,00072,BH_OLD,2024-01-10,
A0073,00073,SUD_OLD,01/10/2024,2024-03-10
A0074,00074,ELDER_OLD,2024-01-10,2024-03-10
A0075,00075,BH_OLD,01/10/2024,2024-03-10
A0076,00076,SUD_OLD,2024-01-10,
A0077,00077,ELDER_OLD,01/10/2024,2024-03-10
A0078,00078,BH_OLD,2024-01-10,2024-03-10
A0079,00079,SUD_OLD,01/10/2024,2024-03-10
A0080,00080,ELDER_OLD,2024-01-10,
A0081,00081,BH_OLD,01/10/2024,2024-03-10
A0082,00082,SUD_OLD,2024-01-10,2024-03-10
A0083,00083,ELDER_OLD,01/10/2024,2024-03-10
A0084,00084,BH_OLD,2024-01-10,
A0085,00085,SUD_OLD,01/10/2024,2024-03-10
A0086,00086,ELDER_OLD,2024-01-10,2024-03-10
A0087,00087,BH_OLD,01/10/2024,2024-03-10
A0088,00088,SUD_OLD,2024-01-10,
A0089,00089,ELDER_OLD,01/10/2024,2024-03-10
A0090,00090,BH_OLD,2024-01-10,2024-03-10
A0091,00091,SUD_OLD,01/10/2024,2024-03-10
A0092,00092,ELDER_OLD,2024-01-10,
A0093,00093,BH_OLD,01/10/2024,2024-03-10
A0094,00094,SUD_OLD,2024-01-10,2024-03-10
A0095,00095,ELDER_OLD,01/10/2024,2024-03-10
A0096,00096,BH_OLD,2024-01-10,
A0097,00097,SUD_OLD,01/10/2024,2024-03-10
A0098,00098,ELDER_OLD,2024-01-10,2024-03-10
A0099,00099,BH_OLD,01/10/2024,2024-03-10
A0100,00100,SUD_OLD,2024-01-10,
A0101,00001,ELDER_OLD,01/10/2024,2024-03-10
A0102,00002,BH_OLD,2024-01-10,2024-03-10
A0103,00003,SUD_OLD,01/10/2024,2024-03-10
A0104,00004,ELDER_OLD,2024-01-10,
A0105,00005,BH_OLD,01/10/2024,2024-03-10
A0106,00006,SUD_OLD,2024-01-10,2024-03-10
A0107,00007,ELDER_OLD,01/10/2024,2024-03-10
A0108,00008,BH_OLD,2024-01-10,
A0109,00009,SUD_OLD,01/10/2024,2024-03-10
A0110,00010,ELDER_OLD,2024-01-10,2024-03-10
A0111,00011,BH_OLD,01/10/2024,2024-03-10
A0112,00012,SUD_OLD,2024-01-10,
A0113,00013,ELDER_OLD,01/10/2024,2024-03-10
A0114,00014,BH_OLD,2024-01-10,2024-03-10
A0115,00015,SUD_OLD,01/10/2024,2024-03-10
A0116,00016,ELDER_OLD,2024-01-10,
A0117,00017,BH_OLD,01/10/2024,2024-03-10
A0118,00018,SUD_OLD,2024-01-10,2024-03-10
A0119,00019,ELDER_OLD,01/10/2024,2024-03-10
A0120,00020,BH_OLD,2024-01-10,
A0121,00021,SUD_OLD,01/10/2024,2024-03-10
A0122,00022,ELDER_OLD,2024-01-10,2024-03-10
A0123,00023,BH_OLD,01/10/2024,2024-03-10
A0124,00024,SUD_OLD,2024-01-10,
A0125,00025,ELDER_OLD,01/10/2024,2024-03-10
A0126,00026,BH_OLD,2024-01-10,2024-03-10
A0127,00027,SUD_OLD,01/10/2024,2024-03-10
A0128,00028,ELDER_OLD,2024-01-10,
A0129,00029,BH_OLD,01/10/2024,2024-03-10
A0130,00030,SUD_OLD,2024-01-10,2024-03-10
A0131,00031,ELDER_OLD,01/10/2024,2024-03-10
A0132,00032,BH_OLD,2024-01-10,
A0133,00033,SUD_OLD,01/10/2024,2024-03-10
A0134,00034,ELDER_OLD,2024-01-10,2024-03-10
A0135,00035,BH_OLD,01/10/2024,2024-03-10
A0136,00036,SUD_OLD,2024-01-10,
A0137,00037,ELDER_OLD,01/10/2024,2024-03-10
A0138,00038,BH_OLD,2024-01-10,2024-03-10
A0139,00039,SUD_OLD,01/10/2024,2024-03-10
A0140,00040,ELDER_OLD,2024-01-10,
A0141,00041,BH_OLD,01/10/2024,2024-03-10
A0142,00042,SUD_OLD,2024-01-10,2024-03-10
A0143,00043,ELDER_OLD,01/10/2024,2024-03-10
A0144,00044,BH_OLD,2024-01-10,
A0145,00045,SUD_OLD,01/10/2024,2024-03-10
A0146,00046,ELDER_OLD,2024-01-10,2024-03-10
A0147,00047,BH_OLD,01/10/2024,2024-03-10
A0148,00048,SUD_OLD,2024-01-10,
A0149,00049,ELDER_OLD,01/10/2024,2024-03-10
A0150,00050,BH_OLD,2024-01-10,2024-03-10
A0151,00051,SUD_OLD,01/10/2024,2024-03-10
A0152,00052,ELDER_OLD,2024-01-10,
A0153,00053,BH_OLD,01/10/2024,2024-03-10
A0154,00054,SUD_OLD,2024-01-10,2024-03-10
A0155,00055,ELDER_OLD,01/10/2024,2024-03-10
A0156,00056,BH_OLD,2024-01-10,
A0157,00057,SUD_OLD,01/10/2024,2024-03-10
A0158,00058,ELDER_OLD,2024-01-10,2024-03-10
A0159,00059,BH_OLD,01/10/2024,2024-03-10
A0160,00060,SUD_OLD,2024-01-10,
A0161,00061,ELDER_OLD,01/10/2024,2024-03-10
A0162,00062,BH_OLD,2024-01-10,2024-03-10
A0163,00063,SUD_OLD,01/10/2024,2024-03-10
A0164,00064,ELDER_OLD,2024-01-10,
A0165,00065,BH_OLD,01/10/2024,2024-03-10
A0166,00066,SUD_OLD,2024-01-10,2024-03-10
A0167,00067,ELDER_OLD,01/10/2024,2024-03-10
A0168,00068,BH_OLD,2024-01-10,
A0169,00069,SUD_OLD,01/10/2024,2024-03-10
A0170,00070,ELDER_OLD,2024-01-10,2024-03-10
A0171,00071,BH_OLD,01/10/2024,2024-03-10
A0172,00072,SUD_OLD,2024-01-10,
A0173,00073,ELDER_OLD,01/10/2024,2024-03-10
A0174,00074,BH_OLD,2024-01-10,2024-03-10
A0175,00075,SUD_OLD,01/10/2024,2024-03-10
A0176,00076,ELDER_OLD,2024-01-10,
A0177,00077,BH_OLD,01/10/2024,2024-03-10
A0178,00078,SUD_OLD,2024-01-10,2024-03-10
A0179,00079,ELDER_OLD,01/10/2024,2024-03-10
A0180,00080,BH_OLD,2024-01-10,
A0181,00081,SUD_OLD,01/10/2024,2024-03-10
A0182,00082,ELDER_OLD,2024-01-10,2024-03-10
A0183,00083,BH_OLD,01/10/2024,2024-03-10
A0184,00084,SUD_OLD,2024-01-10,
A0185,00085,ELDER_OLD,01/10/2024,2024-03-10
A0186,00086,BH_OLD,2024-01-10,2024-03-10
A0187,00087,SUD_OLD,01/10/2024,2024-03-10
A0188,00088,ELDER_OLD,2024-01-10,
A0189,00089,BH_OLD,01/10/2024,2024-03-10
A0190,00090,SUD_OLD,2024-01-10,2024-03-10
A0191,00091,ELDER_OLD,01/10/2024,2024-03-10
A0192,00092,BH_OLD,2024-01-10,
A0193,00093,SUD_OLD,01/10/2024,2024-03-10
A0194,00094,ELDER_OLD,2024-01-10,2024-03-10
A0195,00095,BH_OLD,01/10/2024,2024-03-10
A0196,00096,SUD_OLD,2024-01-10,
A0197,00097,ELDER_OLD,01/10/2024,2024-03-10
A0198,00098,BH_OLD,2024-01-10,2024-03-10
A0199,00099,SUD_OLD,01/10/2024,2024-03-10
A0200,00100,ELDER_OLD,2024-01-10,
A0015,00015,BH_OLD,01/10/2024,2024-03-10
