client_id,display_name,dob,source_row
00001,Fictional Client 001,1985-06-15,2
00002,Fictional Client 002,1985-06-15,3
00003,Fictional Client 003,1985-06-15,4
00004,Fictional Client 004,1985-06-15,5
00008,Fictional Client 008,1985-06-15,9
00009,Fictional Client 009,1985-06-15,10
00010,Fictional Client 010,1985-06-15,11
00011,Fictional Client 011,1985-06-15,12
00012,Fictional Client 012,1985-06-15,13
00013,Fictional Client 013,1985-06-15,14
00014,Fictional Client 014,1985-06-15,15
00015,Fictional Client 015,1985-06-15,16
00016,Fictional Client 016,1985-06-15,17
00017,Fictional Client 017,1985-06-15,18
00018,Fictional Client 018,1985-06-15,19
00019,Fictional Client 019,1985-06-15,20
00020,Fictional Client 020,1985-06-15,21
00021,Fictional Client 021,1985-06-15,22
00022,Fictional Client 022,1985-06-15,23
00023,Fictional Client 023,1985-06-15,24
00024,Fictional Client 024,1985-06-15,25
00025,Fictional Client 025,1985-06-15,26
00026,Fictional Client 026,1985-06-15,27
00027,Fictional Client 027,1985-06-15,28
00028,Fictional Client 028,1985-06-15,29
00029,Fictional Client 029,1985-06-15,30
00030,Fictional Client 030,1985-06-15,31
00031,Fictional Client 031,1985-06-15,32
00032,Fictional Client 032,1985-06-15,33
00033,Fictional Client 033,1985-06-15,34
00034,Fictional Client 034,1985-06-15,35
00035,Fictional Client 035,1985-06-15,36
00036,Fictional Client 036,1985-06-15,37
00037,Fictional Client 037,1985-06-15,38
00038,Fictional Client 038,1985-06-15,39
00039,Fictional Client 039,1985-06-15,40
00040,Fictional Client 040,1985-06-15,41
00041,Fictional Client 041,1985-06-15,42
00042,Fictional Client 042,1985-06-15,43
00043,Fictional Client 043,1985-06-15,44
00044,Fictional Client 044,1985-06-15,45
00045,Fictional Client 045,1985-06-15,46
00046,Fictional Client 046,1985-06-15,47
00047,Fictional Client 047,1985-06-15,48
00048,Fictional Client 048,1985-06-15,49
00049,Fictional Client 049,1985-06-15,50
00050,Fictional Client 050,1985-06-15,51
00051,Fictional Client 051,1985-06-15,52
00052,Fictional Client 052,1985-06-15,53
00053,Fictional Client 053,1985-06-15,54
00054,Fictional Client 054,1985-06-15,55
00055,Fictional Client 055,1985-06-15,56
00056,Fictional Client 056,1985-06-15,57
00057,Fictional Client 057,1985-06-15,58
00058,Fictional Client 058,1985-06-15,59
00059,Fictional Client 059,1985-06-15,60
00060,Fictional Client 060,1985-06-15,61
00061,Fictional Client 061,1985-06-15,62
00062,Fictional Client 062,1985-06-15,63
00063,Fictional Client 063,1985-06-15,64
00064,Fictional Client 064,1985-06-15,65
00065,Fictional Client 065,1985-06-15,66
00066,Fictional Client 066,1985-06-15,67
00067,Fictional Client 067,1985-06-15,68
00068,Fictional Client 068,1985-06-15,69
00069,Fictional Client 069,1985-06-15,70
00070,Fictional Client 070,1985-06-15,71
00071,Fictional Client 071,1985-06-15,72
00072,Fictional Client 072,1985-06-15,73
00073,Fictional Client 073,1985-06-15,74
00074,Fictional Client 074,1985-06-15,75
00075,Fictional Client 075,1985-06-15,76
00076,Fictional Client 076,1985-06-15,77
00077,Fictional Client 077,1985-06-15,78
00078,Fictional Client 078,1985-06-15,79
00079,Fictional Client 079,1985-06-15,80
00080,Fictional Client 080,1985-06-15,81
00081,Fictional Client 081,1985-06-15,82
00082,Fictional Client 082,1985-06-15,83
00083,Fictional Client 083,1985-06-15,84
00084,Fictional Client 084,1985-06-15,85
00085,Fictional Client 085,1985-06-15,86
00086,Fictional Client 086,1985-06-15,87
00087,Fictional Client 087,1985-06-15,88
00088,Fictional Client 088,1985-06-15,89
00089,Fictional Client 089,1985-06-15,90
00090,Fictional Client 090,1985-06-15,91
00091,Fictional Client 091,1985-06-15,92
00092,Fictional Client 092,1985-06-15,93
00093,Fictional Client 093,1985-06-15,94
00094,Fictional Client 094,1985-06-15,95
00095,Fictional Client 095,1985-06-15,96
00096,Fictional Client 096,1985-06-15,97
00097,Fictional Client 097,1985-06-15,98
00098,Fictional Client 098,1985-06-15,99
00099,Fictional Client 099,1985-06-15,100
00100,Fictional Client 100,1985-06-15,101
