client_id,display_name,dob
00001, Fictional Client 001 ,1985-06-15
00002, Fictional Client 002 ,06/15/1985
00003, Fictional Client 003 ,1985-06-15
00004, Fictional Client 004 ,06/15/1985
00005, Fictional Client 005 ,not-a-date
00006,,06/15/1985
00007, Fictional Client 007 ,1985-06-15
00008, Fictional Client 008 ,06/15/1985
00009, Fictional Client 009 ,1985-06-15
00010, Fictional Client 010 ,06/15/1985
00011, Fictional Client 011 ,1985-06-15
00012, Fictional Client 012 ,06/15/1985
00013, Fictional Client 013 ,1985-06-15
00014, Fictional Client 014 ,06/15/1985
00015, Fictional Client 015 ,1985-06-15
00016, Fictional Client 016 ,06/15/1985
00017, Fictional Client 017 ,1985-06-15
00018, Fictional Client 018 ,06/15/1985
00019, Fictional Client 019 ,1985-06-15
00020, Fictional Client 020 ,06/15/1985
00021, Fictional Client 021 ,1985-06-15
00022, Fictional Client 022 ,06/15/1985
00023, Fictional Client 023 ,1985-06-15
00024, Fictional Client 024 ,06/15/1985
00025, Fictional Client 025 ,1985-06-15
00026, Fictional Client 026 ,06/15/1985
00027, Fictional Client 027 ,1985-06-15
00028, Fictional Client 028 ,06/15/1985
00029, Fictional Client 029 ,1985-06-15
00030, Fictional Client 030 ,06/15/1985
00031, Fictional Client 031 ,1985-06-15
00032, Fictional Client 032 ,06/15/1985
00033, Fictional Client 033 ,1985-06-15
00034, Fictional Client 034 ,06/15/1985
00035, Fictional Client 035 ,1985-06-15
00036, Fictional Client 036 ,06/15/1985
00037, Fictional Client 037 ,1985-06-15
00038, Fictional Client 038 ,06/15/1985
00039, Fictional Client 039 ,1985-06-15
00040, Fictional Client 040 ,06/15/1985
00041, Fictional Client 041 ,1985-06-15
00042, Fictional Client 042 ,06/15/1985
00043, Fictional Client 043 ,1985-06-15
00044, Fictional Client 044 ,06/15/1985
00045, Fictional Client 045 ,1985-06-15
00046, Fictional Client 046 ,06/15/1985
00047, Fictional Client 047 ,1985-06-15
00048, Fictional Client 048 ,06/15/1985
00049, Fictional Client 049 ,1985-06-15
00050, Fictional Client 050 ,06/15/1985
00051, Fictional Client 051 ,1985-06-15
00052, Fictional Client 052 ,06/15/1985
00053, Fictional Client 053 ,1985-06-15
00054, Fictional Client 054 ,06/15/1985
00055, Fictional Client 055 ,1985-06-15
00056, Fictional Client 056 ,06/15/1985
00057, Fictional Client 057 ,1985-06-15
00058, Fictional Client 058 ,06/15/1985
00059, Fictional Client 059 ,1985-06-15
00060, Fictional Client 060 ,06/15/1985
00061, Fictional Client 061 ,1985-06-15
00062, Fictional Client 062 ,06/15/1985
00063, Fictional Client 063 ,1985-06-15
00064, Fictional Client 064 ,06/15/1985
00065, Fictional Client 065 ,1985-06-15
00066, Fictional Client 066 ,06/15/1985
00067, Fictional Client 067 ,1985-06-15
00068, Fictional Client 068 ,06/15/1985
00069, Fictional Client 069 ,1985-06-15
00070, Fictional Client 070 ,06/15/1985
00071, Fictional Client 071 ,1985-06-15
00072, Fictional Client 072 ,06/15/1985
00073, Fictional Client 073 ,1985-06-15
00074, Fictional Client 074 ,06/15/1985
00075, Fictional Client 075 ,1985-06-15
00076, Fictional Client 076 ,06/15/1985
00077, Fictional Client 077 ,1985-06-15
00078, Fictional Client 078 ,06/15/1985
00079, Fictional Client 079 ,1985-06-15
00080, Fictional Client 080 ,06/15/1985
00081, Fictional Client 081 ,1985-06-15
00082, Fictional Client 082 ,06/15/1985
00083, Fictional Client 083 ,1985-06-15
00084, Fictional Client 084 ,06/15/1985
00085, Fictional Client 085 ,1985-06-15
00086, Fictional Client 086 ,06/15/1985
00087, Fictional Client 087 ,1985-06-15
00088, Fictional Client 088 ,06/15/1985
00089, Fictional Client 089 ,1985-06-15
00090, Fictional Client 090 ,06/15/1985
00091, Fictional Client 091 ,1985-06-15
00092, Fictional Client 092 ,06/15/1985
00093, Fictional Client 093 ,1985-06-15
00094, Fictional Client 094 ,06/15/1985
00095, Fictional Client 095 ,1985-06-15
00096, Fictional Client 096 ,06/15/1985
00097, Fictional Client 097 ,1985-06-15
00098, Fictional Client 098 ,06/15/1985
00099, Fictional Client 099 ,1985-06-15
00100, Fictional Client 100 ,06/15/1985
00007, Fictional Client 007 ,1985-06-15
